{"SF1toSF2": 2.506986076638284, "SF1toTM1": 3.796186097120259, "SF1toTM2": 4.30031251400273, "SF2toTM1": 4.1624794631448525, "SF2toTM2": 4.4434606436229505, "TM1toTM2": 3.0226059355287203}