{"SF1toSF2": 5.5069007757121895, "SF1toTM1": 6.398802968108296, "SF1toTM2": 5.462476641085901, "SF2toTM1": 6.688547444532836, "SF2toTM2": 5.735685949475017, "TM1toTM2": 5.040455096490242}