{"160434.jpgto162068.jpg": 23787119.357058473, "160434.jpgto181836.jpg": 32537124.350069184, "160434.jpgto162643.jpg": 21740309.019454133, "160434.jpgto159537.jpg": 20283570.664603945, "160434.jpgto159588.jpg": 23398624.220204197, "157826.jpgto162068.jpg": 25529853.73191627, "157826.jpgto181836.jpg": 38271429.39611087, "157826.jpgto162643.jpg": 25375534.0637638, "157826.jpgto159537.jpg": 22399801.903597828, "157826.jpgto159588.jpg": 24763561.490550417, "149042.jpgto162068.jpg": 24208782.232142117, "149042.jpgto181836.jpg": 38083640.80042309, "149042.jpgto162643.jpg": 21943283.433569606, "149042.jpgto159537.jpg": 18493183.813117597, "149042.jpgto159588.jpg": 21506721.47464575, "182371.jpgto162068.jpg": 27136742.039562196, "182371.jpgto181836.jpg": 40555170.843673885, "182371.jpgto162643.jpg": 27217796.387620777, "182371.jpgto159537.jpg": 23795512.882861037, "182371.jpgto159588.jpg": 22554412.863329895, "161845.jpgto162068.jpg": 22708131.873416007, "161845.jpgto181836.jpg": 28876170.719261684, "161845.jpgto162643.jpg": 22594179.04812983, "161845.jpgto159537.jpg": 20951973.891883217, "161845.jpgto159588.jpg": 23093244.20101047, "159967.jpgto162068.jpg": 26462330.32405485, "159967.jpgto181836.jpg": 33903095.75653436, "159967.jpgto162643.jpg": 22475416.089659683, "159967.jpgto159537.jpg": 23422369.075645734, "159967.jpgto159588.jpg": 25224956.671127632, "182473.jpgto162068.jpg": 34561606.97505819, "182473.jpgto181836.jpg": 41441608.602974124, "182473.jpgto162643.jpg": 22857515.37014806, "182473.jpgto159537.jpg": 28891229.275843024, "182473.jpgto159588.jpg": 20861208.973429542, "202017.jpgto162068.jpg": 20060429.741856333, "202017.jpgto181836.jpg": 25510785.105617825, "202017.jpgto162643.jpg": 17952897.056769405, "202017.jpgto159537.jpg": 15697287.436450241, "202017.jpgto159588.jpg": 16556027.286221752, "159983.jpgto162068.jpg": 30482473.723277625, "159983.jpgto181836.jpg": 43066026.59011225, "159983.jpgto162643.jpg": 25979139.52920657, "159983.jpgto159537.jpg": 28639676.78551877, "159983.jpgto159588.jpg": 24064718.566955496, "162640.jpgto162068.jpg": 27142853.71897373, "162640.jpgto181836.jpg": 36726402.57706071, "162640.jpgto162643.jpg": 26068700.632112034, "162640.jpgto159537.jpg": 22789737.45247345, "162640.jpgto159588.jpg": 23912637.383646585, "201873.jpgto162068.jpg": 15964452.267267372, "201873.jpgto181836.jpg": 19742963.430311438, "201873.jpgto162643.jpg": 16385158.075377261, "201873.jpgto159537.jpg": 12959670.698292397, "201873.jpgto159588.jpg": 13229898.27945055, "154479.jpgto162068.jpg": 22932805.94124599, "154479.jpgto181836.jpg": 29099886.723177757, "154479.jpgto162643.jpg": 22720850.254918873, "154479.jpgto159537.jpg": 19744633.38733781, "154479.jpgto159588.jpg": 18784273.611037802}