{"160434.jpgto162068.jpg": 49768.284990846754, "160434.jpgto181836.jpg": 48103.63591162454, "160434.jpgto162643.jpg": 50083.96935725311, "160434.jpgto159537.jpg": 50275.82643847964, "160434.jpgto159588.jpg": 50096.264948073105, "157826.jpgto162068.jpg": 48781.449872540295, "157826.jpgto181836.jpg": 46622.72075257801, "157826.jpgto162643.jpg": 48996.75429567785, "157826.jpgto159537.jpg": 49700.06076103247, "157826.jpgto159588.jpg": 50433.670494156344, "149042.jpgto162068.jpg": 50160.23813425645, "149042.jpgto181836.jpg": 48875.98690899395, "149042.jpgto162643.jpg": 49257.49821122027, "149042.jpgto159537.jpg": 50311.50580307303, "149042.jpgto159588.jpg": 51338.710702348515, "182371.jpgto162068.jpg": 49452.21361584314, "182371.jpgto181836.jpg": 48208.4318220117, "182371.jpgto162643.jpg": 48556.884055494804, "182371.jpgto159537.jpg": 49945.78987714281, "182371.jpgto159588.jpg": 51368.507786810216, "161845.jpgto162068.jpg": 49602.19401895353, "161845.jpgto181836.jpg": 46316.893420021814, "161845.jpgto162643.jpg": 49682.97766009885, "161845.jpgto159537.jpg": 50647.44651741633, "161845.jpgto159588.jpg": 50813.75872796991, "159967.jpgto162068.jpg": 50220.41349748176, "159967.jpgto181836.jpg": 47590.80473601329, "159967.jpgto162643.jpg": 50046.548398666, "159967.jpgto159537.jpg": 50952.738964277625, "159967.jpgto159588.jpg": 51212.204132606086, "182473.jpgto162068.jpg": 51159.41713763568, "182473.jpgto181836.jpg": 49275.631706675835, "182473.jpgto162643.jpg": 50292.28358095649, "182473.jpgto159537.jpg": 51920.66022400606, "182473.jpgto159588.jpg": 52289.06388899741, "202017.jpgto162068.jpg": 49842.27025666335, "202017.jpgto181836.jpg": 48903.522674058666, "202017.jpgto162643.jpg": 49342.198141746376, "202017.jpgto159537.jpg": 50310.65529074486, "202017.jpgto159588.jpg": 51385.34006954099, "159983.jpgto162068.jpg": 50883.42484294359, "159983.jpgto181836.jpg": 48941.79531250137, "159983.jpgto162643.jpg": 49733.507347768056, "159983.jpgto159537.jpg": 51495.261397031034, "159983.jpgto159588.jpg": 52292.17404574054, "162640.jpgto162068.jpg": 48559.18552098532, "162640.jpgto181836.jpg": 48728.71495000857, "162640.jpgto162643.jpg": 48114.51757073512, "162640.jpgto159537.jpg": 49640.7518583537, "162640.jpgto159588.jpg": 50945.42670902798, "201873.jpgto162068.jpg": 48703.093473401685, "201873.jpgto181836.jpg": 46959.916085148114, "201873.jpgto162643.jpg": 49409.47413604728, "201873.jpgto159537.jpg": 49700.74113813326, "201873.jpgto159588.jpg": 50278.00634654532, "154479.jpgto162068.jpg": 48791.931854584924, "154479.jpgto181836.jpg": 47609.19981310928, "154479.jpgto162643.jpg": 48675.15430309482, "154479.jpgto159537.jpg": 49929.81211172065, "154479.jpgto159588.jpg": 50825.083558957565}