{"1757to2820": 64961.042271503, "1757to3745": 63417.40799654303, "1757to3782": 65138.14809311054, "1757to4126": 63481.873310418305, "1757to4262": 64259.269946055254, "1757to4740": 66035.47510997404, "1757to4978": 60824.894303237386, "1757to8968": 64625.20824724668, "1757to9152": 61698.27235830838, "1757to9256": 65054.29814393511, "1757to9840": 62914.83631862996, "1757to2114": 63691.66845828424, "1757to3227": 63877.32069365465, "1757to3699": 62621.2786119862, "1757to4887": 63512.07705625758, "1757to6568": 61732.01885569595, "2820to3745": 63357.2802051982, "2820to3782": 66442.19443245383, "2820to4126": 68449.7734839203, "2820to4262": 66331.29110005322, "2820to4740": 59029.07933383342, "2820to4978": 63812.03612172237, "2820to8968": 68902.94467582645, "2820to9152": 65071.56635582088, "2820to9256": 63466.08814949918, "2820to9840": 67039.61987511563, "2820to2114": 65617.89166073533, "2820to3227": 69752.22647342521, "2820to3699": 66589.54634174946, "2820to4887": 65711.07860170916, "2820to6568": 69364.030959857, "3745to3782": 68509.7211788225, "3745to4126": 69643.88861917461, "3745to4262": 64215.674457253815, "3745to4740": 67811.3737952565, "3745to4978": 64663.37969824961, "3745to8968": 67135.88604464829, "3745to9152": 66382.07171367884, "3745to9256": 65910.57817983393, "3745to9840": 68499.61495512219, "3745to2114": 66796.07174078427, "3745to3227": 68327.87410713141, "3745to3699": 66263.7784313572, "3745to4887": 65782.64743076247, "3745to6568": 69333.85817189174, "3782to4126": 66774.58200543078, "3782to4262": 67028.4154221178, "3782to4740": 66889.60745885716, "3782to4978": 63416.03116720566, "3782to8968": 67150.50080230228, "3782to9152": 65792.29467802442, "3782to9256": 68633.73561886312, "3782to9840": 64932.460426199774, "3782to2114": 64798.390605014254, "3782to3227": 67928.77036278516, "3782to3699": 66091.90354347498, "3782to4887": 64320.934609192365, "3782to6568": 69338.19059508259, "4126to4262": 64629.5967958953, "4126to4740": 63680.52977951738, "4126to4978": 64663.3086147005, "4126to8968": 67479.56623304568, "4126to9152": 64723.12392800582, "4126to9256": 63736.99956069473, "4126to9840": 64661.598905378145, "4126to2114": 65922.1357360333, "4126to3227": 64834.12977745595, "4126to3699": 64729.12957085086, "4126to4887": 68102.34424012143, "4126to6568": 66918.33930246625, "4262to4740": 66062.15590638864, "4262to4978": 62772.966466465485, "4262to8968": 64885.09534554141, "4262to9152": 62713.120580943825, "4262to9256": 63087.774164254675, "4262to9840": 64095.044629050695, "4262to2114": 63035.1029347934, "4262to3227": 64180.00848395083, "4262to3699": 63586.67343083769, "4262to4887": 62514.52252876927, "4262to6568": 63356.31972423903, "4740to4978": 63183.72462113958, "4740to8968": 66415.47918971902, "4740to9152": 63776.58691871179, "4740to9256": 62882.80306252259, "4740to9840": 66030.80646183265, "4740to2114": 65456.81268592292, "4740to3227": 66444.84100364753, "4740to3699": 65847.89615469883, "4740to4887": 67360.08554774853, "4740to6568": 66449.07297321761, "4978to8968": 66404.35804975453, "4978to9152": 65927.32838512417, "4978to9256": 61394.794535041816, "4978to9840": 63838.38281942925, "4978to2114": 61848.61654879598, "4978to3227": 63936.79999030293, "4978to3699": 62790.16014472331, "4978to4887": 62774.47149916915, "4978to6568": 65066.5666529286, "8968to9152": 66379.36479057328, "8968to9256": 63745.3376334301, "8968to9840": 65297.263242803674, "8968to2114": 64478.553574037316, "8968to3227": 66719.39370977526, "8968to3699": 66323.58460608112, "8968to4887": 66552.48676045096, "8968to6568": 67946.92343292668, "9152to9256": 63467.54599793504, "9152to9840": 65940.11539268035, "9152to2114": 66643.08871143353, "9152to3227": 69963.92909921512, "9152to3699": 68305.05391989673, "9152to4887": 67556.33055458237, "9152to6568": 69773.23065474322, "9256to9840": 61022.58470435352, "9256to2114": 62362.23242476171, "9256to3227": 61165.01854818651, "9256to3699": 62126.521389821915, "9256to4887": 61592.29157126726, "9256to6568": 62481.53812127227, "9840to2114": 63801.42742133596, "9840to3227": 63619.973003766674, "9840to3699": 64599.9869736829, "9840to4887": 63294.429265141494, "9840to6568": 65241.06439199165, "2114to3227": 66187.68479860887, "2114to3699": 64893.9371050948, "2114to4887": 66387.26266385744, "2114to6568": 67114.66825515864, "3227to3699": 68806.92382311536, "3227to4887": 67401.93593658865, "3227to6568": 71149.13588371963, "3699to4887": 67213.8014919555, "3699to6568": 69174.37155478899, "4887to6568": 65817.5625042435}