{"1757to2820": 51419.240999374044, "1757to3745": 50973.60136290627, "1757to3782": 50898.8788221393, "1757to4126": 50358.24560058664, "1757to4262": 50157.38973764044, "1757to4740": 49349.368048577824, "1757to4978": 50823.585909552305, "1757to8968": 49750.34394793743, "1757to9152": 50248.571129874625, "1757to9256": 51669.19161319037, "1757to9840": 51498.641450473035, "1757to2114": 49768.284990846754, "1757to3227": 48103.63591162454, "1757to3699": 50083.96935725311, "1757to4887": 50275.82643847964, "1757to6568": 50096.264948073105, "2820to3745": 49807.25919946691, "2820to3782": 50368.661944872416, "2820to4126": 50336.29485230995, "2820to4262": 49358.66556632435, "2820to4740": 47242.03955903748, "2820to4978": 50424.34592222532, "2820to8968": 48156.870832518885, "2820to9152": 50934.039672336665, "2820to9256": 51568.16974168337, "2820to9840": 51366.77272029101, "2820to2114": 48781.449872540295, "2820to3227": 46622.72075257801, "2820to3699": 48996.75429567785, "2820to4887": 49700.06076103247, "2820to6568": 50433.670494156344, "3745to3782": 52049.14639259847, "3745to4126": 50626.98501750989, "3745to4262": 50105.74737872604, "3745to4740": 49696.05804511612, "3745to4978": 50880.17669403943, "3745to8968": 49984.47590882479, "3745to9152": 52494.24260754725, "3745to9256": 51316.16787700266, "3745to9840": 51571.21377781569, "3745to2114": 50160.23813425645, "3745to3227": 48875.98690899395, "3745to3699": 49257.49821122027, "3745to4887": 50311.50580307303, "3745to6568": 51338.710702348515, "3782to4126": 50640.107220059675, "3782to4262": 49989.96173921294, "3782to4740": 48952.00842972965, "3782to4978": 50305.52380515324, "3782to8968": 49438.04173651442, "3782to9152": 51815.10053215685, "3782to9256": 50717.926288782946, "3782to9840": 50786.82302952088, "3782to2114": 49452.21361584314, "3782to3227": 48208.4318220117, "3782to3699": 48556.884055494804, "3782to4887": 49945.78987714281, "3782to6568": 51368.507786810216, "4126to4262": 50919.61508982395, "4126to4740": 49727.53207100932, "4126to4978": 51153.69530982942, "4126to8968": 50164.05852880016, "4126to9152": 50366.838479506005, "4126to9256": 52088.07820712133, "4126to9840": 52338.62663343548, "4126to2114": 49602.19401895353, "4126to3227": 46316.893420021814, "4126to3699": 49682.97766009885, "4126to4887": 50647.44651741633, "4126to6568": 50813.75872796991, "4262to4740": 50611.40067492483, "4262to4978": 51060.765981407014, "4262to8968": 50689.6288752139, "4262to9152": 50874.36478083917, "4262to9256": 52116.81138912211, "4262to9840": 52322.49022842153, "4262to2114": 50220.41349748176, "4262to3227": 47590.80473601329, "4262to3699": 50046.548398666, "4262to4887": 50952.738964277625, "4262to6568": 51212.204132606086, "4740to4978": 51566.35361008685, "4740to8968": 52079.68660758323, "4740to9152": 51788.5129966648, "4740to9256": 52816.6862983653, "4740to9840": 52207.677123144436, "4740to2114": 51159.41713763568, "4740to3227": 49275.631706675835, "4740to3699": 50292.28358095649, "4740to4887": 51920.66022400606, "4740to6568": 52289.06388899741, "4978to8968": 50208.23799274046, "4978to9152": 52493.68860214168, "4978to9256": 51011.361383727846, "4978to9840": 51128.912406980955, "4978to2114": 49842.27025666335, "4978to3227": 48903.522674058666, "4978to3699": 49342.198141746376, "4978to4887": 50310.65529074486, "4978to6568": 51385.34006954099, "8968to9152": 51837.86862565916, "8968to9256": 52216.20415639432, "8968to9840": 51741.9893652292, "8968to2114": 50883.42484294359, "8968to3227": 48941.79531250137, "8968to3699": 49733.507347768056, "8968to4887": 51495.261397031034, "8968to6568": 52292.17404574054, "9152to9256": 49005.62453342126, "9152to9840": 48800.77023903663, "9152to2114": 48559.18552098532, "9152to3227": 48728.71495000857, "9152to3699": 48114.51757073512, "9152to4887": 49640.7518583537, "9152to6568": 50945.42670902798, "9256to9840": 51517.0009459314, "9256to2114": 48703.093473401685, "9256to3227": 46959.916085148114, "9256to3699": 49409.47413604728, "9256to4887": 49700.74113813326, "9256to6568": 50278.00634654532, "9840to2114": 48791.931854584924, "9840to3227": 47609.19981310928, "9840to3699": 48675.15430309482, "9840to4887": 49929.81211172065, "9840to6568": 50825.083558957565, "2114to3227": 48422.90787715908, "2114to3699": 49746.68946829056, "2114to4887": 51611.01177518654, "2114to6568": 52531.42620641079, "3227to3699": 51091.3967271609, "3227to4887": 52894.93187899434, "3227to6568": 53367.598776164414, "3699to4887": 51219.83356565174, "3699to6568": 51808.606548986776, "4887to6568": 51664.4116663559}