{"1757to2820": 22440436.771794207, "1757to3745": 18866375.381098, "1757to3782": 20540313.121069506, "1757to4126": 21896233.924856845, "1757to4262": 24064450.81570321, "1757to4740": 24970042.834518354, "1757to4978": 16849488.558664005, "1757to8968": 25022179.593176167, "1757to9152": 22505773.342422023, "1757to9256": 13353467.967846034, "1757to9840": 18180350.345630247, "1757to2114": 23787119.357058473, "1757to3227": 32537124.350069184, "1757to3699": 21740309.019454133, "1757to4887": 20283570.664603945, "1757to6568": 23398624.220204197, "2820to3745": 24209317.72031171, "2820to3782": 26400147.762344934, "2820to4126": 25496417.044541262, "2820to4262": 25163174.19653979, "2820to4740": 18546171.757637024, "2820to4978": 21189958.893638317, "2820to8968": 28541579.92277065, "2820to9152": 21151792.19344196, "2820to9256": 16786262.36882457, "2820to9840": 23358941.068787668, "2820to2114": 25529853.73191627, "2820to3227": 38271429.39611087, "2820to3699": 25375534.0637638, "2820to4887": 22399801.903597828, "2820to6568": 24763561.490550417, "3745to3782": 26857778.4413497, "3745to4126": 18894487.90495009, "3745to4262": 21795755.77204038, "3745to4740": 24882058.526923373, "3745to4978": 19929999.880291015, "3745to8968": 25089688.789231747, "3745to9152": 19075868.78791305, "3745to9256": 14476372.421118679, "3745to9840": 23297633.218127236, "3745to2114": 24208782.232142117, "3745to3227": 38083640.80042309, "3745to3699": 21943283.433569606, "3745to4887": 18493183.813117597, "3745to6568": 21506721.47464575, "3782to4126": 24250291.334408313, "3782to4262": 25594511.980229504, "3782to4740": 21743074.025631033, "3782to4978": 23202688.977639385, "3782to8968": 28092922.254194587, "3782to9152": 23923253.46301448, "3782to9256": 17792205.60754449, "3782to9840": 26274543.02158375, "3782to2114": 27136742.039562196, "3782to3227": 40555170.843673885, "3782to3699": 27217796.387620777, "3782to4887": 23795512.882861037, "3782to6568": 22554412.863329895, "4126to4262": 23742018.00635817, "4126to4740": 25177707.946718443, "4126to4978": 14820843.13664813, "4126to8968": 24498533.327378273, "4126to9152": 20900881.60253931, "4126to9256": 12929233.000303572, "4126to9840": 16507656.48796045, "4126to2114": 22708131.873416007, "4126to3227": 28876170.719261684, "4126to3699": 22594179.04812983, "4126to4887": 20951973.891883217, "4126to6568": 23093244.20101047, "4262to4740": 33408587.027109265, "4262to4978": 18649387.304579817, "4262to8968": 31223968.244089555, "4262to9152": 22142348.687441777, "4262to9256": 11912054.782890147, "4262to9840": 16687667.500688132, "4262to2114": 26462330.32405485, "4262to3227": 33903095.75653436, "4262to3699": 22475416.089659683, "4262to4887": 23422369.075645734, "4262to6568": 25224956.671127632, "4740to4978": 20685892.231491208, "4740to8968": 32294067.026279528, "4740to9152": 19992722.752547167, "4740to9256": 13944887.354224255, "4740to9840": 17831286.397175666, "4740to2114": 34561606.97505819, "4740to3227": 41441608.602974124, "4740to3699": 22857515.37014806, "4740to4887": 28891229.275843024, "4740to6568": 20861208.973429542, "4978to8968": 21443375.17542255, "4978to9152": 18306510.70851752, "4978to9256": 15868476.640614156, "4978to9840": 22650761.462203432, "4978to2114": 20060429.741856333, "4978to3227": 25510785.105617825, "4978to3699": 17952897.056769405, "4978to4887": 15697287.436450241, "4978to6568": 16556027.286221752, "8968to9152": 23297163.493432995, "8968to9256": 13139676.810248379, "8968to9840": 20732412.243225813, "8968to2114": 30482473.723277625, "8968to3227": 43066026.59011225, "8968to3699": 25979139.52920657, "8968to4887": 28639676.78551877, "8968to6568": 24064718.566955496, "9152to9256": 20603024.0991056, "9152to9840": 26618846.702764172, "9152to2114": 27142853.71897373, "9152to3227": 36726402.57706071, "9152to3699": 26068700.632112034, "9152to4887": 22789737.45247345, "9152to6568": 23912637.383646585, "9256to9840": 16402527.511700843, "9256to2114": 15964452.267267372, "9256to3227": 19742963.430311438, "9256to3699": 16385158.075377261, "9256to4887": 12959670.698292397, "9256to6568": 13229898.27945055, "9840to2114": 22932805.94124599, "9840to3227": 29099886.723177757, "9840to3699": 22720850.254918873, "9840to4887": 19744633.38733781, "9840to6568": 18784273.611037802, "2114to3227": 49442722.363483086, "2114to3699": 27331608.535600718, "2114to4887": 25391161.599828564, "2114to6568": 24312935.65590109, "3227to3699": 33733266.53507927, "3227to4887": 33228588.072308518, "3227to6568": 32018265.493063074, "3699to4887": 22946954.15589197, "3699to6568": 24422309.943745628, "4887to6568": 22591780.196362995}