{"1757to2820": 1198.128543133949, "1757to3745": 1185.8433059170147, "1757to3782": 914.0874644364707, "1757to4126": 1247.0709875010152, "1757to4262": 1037.8309286296894, "1757to4740": 1321.0351646899878, "1757to4978": 1200.1606604209376, "1757to8968": 1204.2536955071546, "1757to9152": 1217.7733209307105, "1757to9256": 1194.0445507500583, "1757to9840": 993.2021396042344, "1757to2114": 1299.820910180761, "1757to3227": 1238.095410267034, "1757to3699": 1072.826824430252, "1757to4887": 1159.0455553495733, "1757to6568": 1325.1247843386802, "2820to3745": 1200.9099562090819, "2820to3782": 803.2205303701695, "2820to4126": 1171.2394726654431, "2820to4262": 902.4292265325658, "2820to4740": 1250.3701186653377, "2820to4978": 1129.2235221385574, "2820to8968": 1125.2997082530753, "2820to9152": 1070.082986130441, "2820to9256": 1092.4985491682062, "2820to9840": 919.5809804795833, "2820to2114": 1310.3712925013251, "2820to3227": 1215.3999200733292, "2820to3699": 972.7472383303901, "2820to4887": 1050.9837697523928, "2820to6568": 1353.744054696744, "3745to3782": 827.7897483559634, "3745to4126": 1189.7157079037247, "3745to4262": 933.2160943841753, "3745to4740": 1260.5905088925633, "3745to4978": 1142.707074710588, "3745to8968": 1143.8359485434096, "3745to9152": 1104.8018612634833, "3745to9256": 1112.6544834586873, "3745to9840": 935.809298989081, "3745to2114": 1306.2866284900165, "3745to3227": 1218.1408428048856, "3745to3699": 995.1454371982403, "3745to4887": 1070.5549762413777, "3745to6568": 1342.3163032266564, "3782to4126": 1176.1946508414371, "3782to4262": 901.4926273951239, "3782to4740": 1247.0522477935244, "3782to4978": 1124.4957511026491, "3782to8968": 1121.7874757918414, "3782to9152": 1069.7523324906122, "3782to9256": 1103.3553775503722, "3782to9840": 918.075341219256, "3782to2114": 1312.3417733817946, "3782to3227": 1211.1239836092043, "3782to3699": 972.6545647764569, "3782to4887": 1048.7005977353374, "3782to6568": 1354.6663133133575, "4126to4262": 1040.8034337573488, "4126to4740": 1326.1461263326335, "4126to4978": 1205.4611183295485, "4126to8968": 1207.0748823003096, "4126to9152": 1218.719123741315, "4126to9256": 1199.118740561248, "4126to9840": 997.5855373181556, "4126to2114": 1305.978653936157, "4126to3227": 1242.6000017158642, "4126to3699": 1071.1940145749586, "4126to4887": 1158.4711048310019, "4126to6568": 1331.332603657263, "4262to4740": 1317.8484053011518, "4262to4978": 1201.7740324961499, "4262to8968": 1206.989374857895, "4262to9152": 1216.4975360008802, "4262to9256": 1195.0184448387124, "4262to9840": 997.8007168525556, "4262to2114": 1299.512590929918, "4262to3227": 1241.062798531275, "4262to3699": 1067.7731215789292, "4262to4887": 1154.4444772220602, "4262to6568": 1323.1365625525318, "4740to4978": 1197.050154688911, "4740to8968": 1203.0587155688695, "4740to9152": 1213.285883394292, "4740to9256": 1197.4606909613155, "4740to9840": 994.4000853059957, "4740to2114": 1304.787344576929, "4740to3227": 1238.8706201732366, "4740to3699": 1064.1449619341813, "4740to4887": 1155.4173136033353, "4740to6568": 1331.6995060454233, "4978to8968": 1210.3191376991108, "4978to9152": 1209.7996445875558, "4978to9256": 1192.4638098861483, "4978to9840": 998.8619799265226, "4978to2114": 1308.6874321262335, "4978to3227": 1238.4279383783007, "4978to3699": 1076.6451466694245, "4978to4887": 1161.7216398838207, "4978to6568": 1330.5082295135512, "8968to9152": 1178.560366340806, "8968to9256": 1179.847544193343, "8968to9840": 970.2373920037724, "8968to2114": 1301.434264159605, "8968to3227": 1225.9983808172067, "8968to3699": 1035.2832359207196, "8968to4887": 1127.2124777326683, "8968to6568": 1329.0239165747575, "9152to9256": 1170.0145018632516, "9152to9840": 972.0251692366694, "9152to2114": 1307.3263264745244, "9152to3227": 1232.1454470337007, "9152to3699": 1039.833232901196, "9152to4887": 1122.5921527666194, "9152to6568": 1337.1797289090682, "9256to9840": 966.0108861380078, "9256to2114": 1296.8592436235679, "9256to3227": 1222.150981401265, "9256to3699": 1035.6502336680426, "9256to4887": 1122.8418484102738, "9256to6568": 1323.1806095455772, "9840to2114": 1304.3242707738834, "9840to3227": 1246.446120624433, "9840to3699": 1068.4135990792795, "9840to4887": 1161.415826551526, "9840to6568": 1329.1774372631405, "2114to3227": 1238.4504471935752, "2114to3699": 1070.3409479759723, "2114to4887": 1163.4278812902546, "2114to6568": 1329.3405514648807, "3227to3699": 974.7016951751752, "3227to4887": 1048.3645238633326, "3227to6568": 1357.0502131917683, "3699to4887": 1070.6890526327086, "3699to6568": 1344.0924282134797, "4887to6568": 1331.0912925627163}