{"160434.jpgto162068.jpg": 63691.66845828424, "160434.jpgto181836.jpg": 63877.32069365465, "160434.jpgto162643.jpg": 62621.2786119862, "160434.jpgto159537.jpg": 63512.07705625758, "160434.jpgto159588.jpg": 61732.01885569595, "157826.jpgto162068.jpg": 65617.89166073533, "157826.jpgto181836.jpg": 69752.22647342521, "157826.jpgto162643.jpg": 66589.54634174946, "157826.jpgto159537.jpg": 65711.07860170916, "157826.jpgto159588.jpg": 69364.030959857, "149042.jpgto162068.jpg": 66796.07174078427, "149042.jpgto181836.jpg": 68327.87410713141, "149042.jpgto162643.jpg": 66263.7784313572, "149042.jpgto159537.jpg": 65782.64743076247, "149042.jpgto159588.jpg": 69333.85817189174, "182371.jpgto162068.jpg": 64798.390605014254, "182371.jpgto181836.jpg": 67928.77036278516, "182371.jpgto162643.jpg": 66091.90354347498, "182371.jpgto159537.jpg": 64320.934609192365, "182371.jpgto159588.jpg": 69338.19059508259, "161845.jpgto162068.jpg": 65922.1357360333, "161845.jpgto181836.jpg": 64834.12977745595, "161845.jpgto162643.jpg": 64729.12957085086, "161845.jpgto159537.jpg": 68102.34424012143, "161845.jpgto159588.jpg": 66918.33930246625, "159967.jpgto162068.jpg": 63035.1029347934, "159967.jpgto181836.jpg": 64180.00848395083, "159967.jpgto162643.jpg": 63586.67343083769, "159967.jpgto159537.jpg": 62514.52252876927, "159967.jpgto159588.jpg": 63356.31972423903, "182473.jpgto162068.jpg": 65456.81268592292, "182473.jpgto181836.jpg": 66444.84100364753, "182473.jpgto162643.jpg": 65847.89615469883, "182473.jpgto159537.jpg": 67360.08554774853, "182473.jpgto159588.jpg": 66449.07297321761, "202017.jpgto162068.jpg": 61848.61654879598, "202017.jpgto181836.jpg": 63936.79999030293, "202017.jpgto162643.jpg": 62790.16014472331, "202017.jpgto159537.jpg": 62774.47149916915, "202017.jpgto159588.jpg": 65066.5666529286, "159983.jpgto162068.jpg": 64478.553574037316, "159983.jpgto181836.jpg": 66719.39370977526, "159983.jpgto162643.jpg": 66323.58460608112, "159983.jpgto159537.jpg": 66552.48676045096, "159983.jpgto159588.jpg": 67946.92343292668, "162640.jpgto162068.jpg": 66643.08871143353, "162640.jpgto181836.jpg": 69963.92909921512, "162640.jpgto162643.jpg": 68305.05391989673, "162640.jpgto159537.jpg": 67556.33055458237, "162640.jpgto159588.jpg": 69773.23065474322, "201873.jpgto162068.jpg": 62362.23242476171, "201873.jpgto181836.jpg": 61165.01854818651, "201873.jpgto162643.jpg": 62126.521389821915, "201873.jpgto159537.jpg": 61592.29157126726, "201873.jpgto159588.jpg": 62481.53812127227, "154479.jpgto162068.jpg": 63801.42742133596, "154479.jpgto181836.jpg": 63619.973003766674, "154479.jpgto162643.jpg": 64599.9869736829, "154479.jpgto159537.jpg": 63294.429265141494, "154479.jpgto159588.jpg": 65241.06439199165}