{"160434.jpgto162068.jpg": 35594.79255452966, "160434.jpgto181836.jpg": 31631.03047641667, "160434.jpgto162643.jpg": 34597.48116554152, "160434.jpgto159537.jpg": 37524.16618660567, "160434.jpgto159588.jpg": 30635.889508875043, "157826.jpgto162068.jpg": 37008.24247380575, "157826.jpgto181836.jpg": 33129.87770879935, "157826.jpgto162643.jpg": 33229.2095602649, "157826.jpgto159537.jpg": 36163.20034233696, "157826.jpgto159588.jpg": 34604.893599027295, "149042.jpgto162068.jpg": 36128.73341261772, "149042.jpgto181836.jpg": 33570.55307855383, "149042.jpgto162643.jpg": 34428.776670105486, "149042.jpgto159537.jpg": 37794.679480053805, "149042.jpgto159588.jpg": 36996.41246121034, "182371.jpgto162068.jpg": 32769.22428132836, "182371.jpgto181836.jpg": 30836.27972048509, "182371.jpgto162643.jpg": 33129.21414703343, "182371.jpgto159537.jpg": 34352.76361517367, "182371.jpgto159588.jpg": 39671.66026271147, "161845.jpgto162068.jpg": 36822.082464195315, "161845.jpgto181836.jpg": 32717.005486443897, "161845.jpgto162643.jpg": 32544.521044255667, "161845.jpgto159537.jpg": 37480.57114025879, "161845.jpgto159588.jpg": 34835.57743170048, "159967.jpgto162068.jpg": 33078.90389659246, "159967.jpgto181836.jpg": 32189.820036775604, "159967.jpgto162643.jpg": 33015.5406437635, "159967.jpgto159537.jpg": 38171.678676736236, "159967.jpgto159588.jpg": 28451.5488154863, "182473.jpgto162068.jpg": 36221.85762768111, "182473.jpgto181836.jpg": 33741.93835570209, "182473.jpgto162643.jpg": 35929.60978079222, "182473.jpgto159537.jpg": 36878.40625623618, "182473.jpgto159588.jpg": 39792.14118390716, "202017.jpgto162068.jpg": 37828.12727323413, "202017.jpgto181836.jpg": 32955.25337484147, "202017.jpgto162643.jpg": 37130.179113492035, "202017.jpgto159537.jpg": 39336.91582979022, "202017.jpgto159588.jpg": 38473.10555439995, "159983.jpgto162068.jpg": 35416.73598738314, "159983.jpgto181836.jpg": 31022.702316207076, "159983.jpgto162643.jpg": 32515.302797298384, "159983.jpgto159537.jpg": 37568.46661763027, "159983.jpgto159588.jpg": 34110.26728127471, "162640.jpgto162068.jpg": 31727.242410899817, "162640.jpgto181836.jpg": 32222.837475926914, "162640.jpgto162643.jpg": 33378.17933920303, "162640.jpgto159537.jpg": 36095.863918183204, "162640.jpgto159588.jpg": 36397.69672657873, "201873.jpgto162068.jpg": 36849.79071853733, "201873.jpgto181836.jpg": 33927.58856741811, "201873.jpgto162643.jpg": 36426.899744556904, "201873.jpgto159537.jpg": 37704.05268668078, "201873.jpgto159588.jpg": 34838.80649505663, "154479.jpgto162068.jpg": 36572.94880099224, "154479.jpgto181836.jpg": 32427.34495761255, "154479.jpgto162643.jpg": 34162.03566826778, "154479.jpgto159537.jpg": 36159.40618981457, "154479.jpgto159588.jpg": 39282.32979343257}