{"1757to2820": 35319.65751532707, "1757to3745": 34292.413373806165, "1757to3782": 34786.86043608995, "1757to4126": 35067.21022550839, "1757to4262": 36140.46077459445, "1757to4740": 34822.412524120155, "1757to4978": 34992.32988813406, "1757to8968": 30867.236287040665, "1757to9152": 32291.232989776032, "1757to9256": 39055.02783253393, "1757to9840": 38184.36464051746, "1757to2114": 35594.79255452966, "1757to3227": 31631.03047641667, "1757to3699": 34597.48116554152, "1757to4887": 37524.16618660567, "1757to6568": 30635.889508875043, "2820to3745": 36206.55769332401, "2820to3782": 36258.11593285012, "2820to4126": 35817.078663676635, "2820to4262": 34445.540016089166, "2820to4740": 33656.47067058577, "2820to4978": 38298.71606203007, "2820to8968": 35119.875042488406, "2820to9152": 35404.19345218868, "2820to9256": 37711.75949223266, "2820to9840": 36558.5995355402, "2820to2114": 37008.24247380575, "2820to3227": 33129.87770879935, "2820to3699": 33229.2095602649, "2820to4887": 36163.20034233696, "2820to6568": 34604.893599027295, "3745to3782": 36572.3952182517, "3745to4126": 38662.41213375079, "3745to4262": 36824.03708177581, "3745to4740": 36261.47474938106, "3745to4978": 34870.1662743383, "3745to8968": 36601.01465806652, "3745to9152": 39853.272412689024, "3745to9256": 38546.43824012797, "3745to9840": 36715.64700505767, "3745to2114": 36128.73341261772, "3745to3227": 33570.55307855383, "3745to3699": 34428.776670105486, "3745to4887": 37794.679480053805, "3745to6568": 36996.41246121034, "3782to4126": 34160.98915429704, "3782to4262": 32970.90511344813, "3782to4740": 34731.41592276364, "3782to4978": 34577.99864075421, "3782to8968": 32656.49287660878, "3782to9152": 35201.727329777445, "3782to9256": 37825.69590899816, "3782to9840": 33218.019718219206, "3782to2114": 32769.22428132836, "3782to3227": 30836.27972048509, "3782to3699": 33129.21414703343, "3782to4887": 34352.76361517367, "3782to6568": 39671.66026271147, "4126to4262": 36656.90046907949, "4126to4740": 35257.133136430704, "4126to4978": 37220.085290068855, "4126to8968": 36198.53456978611, "4126to9152": 36054.13859739267, "4126to9256": 40249.5278605849, "4126to9840": 37438.986057317314, "4126to2114": 36822.082464195315, "4126to3227": 32717.005486443897, "4126to3699": 32544.521044255667, "4126to4887": 37480.57114025879, "4126to6568": 34835.57743170048, "4262to4740": 34430.9757340683, "4262to4978": 35081.128573636284, "4262to8968": 34871.263842883585, "4262to9152": 33793.03805519711, "4262to9256": 39595.35005527796, "4262to9840": 36583.55390062589, "4262to2114": 33078.90389659246, "4262to3227": 32189.820036775604, "4262to3699": 33015.5406437635, "4262to4887": 38171.678676736236, "4262to6568": 28451.5488154863, "4740to4978": 37831.458443998694, "4740to8968": 34849.99281205091, "4740to9152": 33004.49605735558, "4740to9256": 41618.434220907446, "4740to9840": 35440.28383069188, "4740to2114": 36221.85762768111, "4740to3227": 33741.93835570209, "4740to3699": 35929.60978079222, "4740to4887": 36878.40625623618, "4740to6568": 39792.14118390716, "4978to8968": 34311.22444623625, "4978to9152": 37389.33420107932, "4978to9256": 38936.73973254566, "4978to9840": 36289.51132214376, "4978to2114": 37828.12727323413, "4978to3227": 32955.25337484147, "4978to3699": 37130.179113492035, "4978to4887": 39336.91582979022, "4978to6568": 38473.10555439995, "8968to9152": 34257.80095102428, "8968to9256": 41849.84629601404, "8968to9840": 35368.8252702857, "8968to2114": 35416.73598738314, "8968to3227": 31022.702316207076, "8968to3699": 32515.302797298384, "8968to4887": 37568.46661763027, "8968to6568": 34110.26728127471, "9152to9256": 35195.67712091927, "9152to9840": 33409.55197245243, "9152to2114": 31727.242410899817, "9152to3227": 32222.837475926914, "9152to3699": 33378.17933920303, "9152to4887": 36095.863918183204, "9152to6568": 36397.69672657873, "9256to9840": 38205.373666540676, "9256to2114": 36849.79071853733, "9256to3227": 33927.58856741811, "9256to3699": 36426.899744556904, "9256to4887": 37704.05268668078, "9256to6568": 34838.80649505663, "9840to2114": 36572.94880099224, "9840to3227": 32427.34495761255, "9840to3699": 34162.03566826778, "9840to4887": 36159.40618981457, "9840to6568": 39282.32979343257, "2114to3227": 30963.594348847808, "2114to3699": 32868.60976676683, "2114to4887": 38316.63073653528, "2114to6568": 34436.91125812534, "3227to3699": 33215.15846718182, "3227to4887": 39123.39889375666, "3227to6568": 36797.85938067594, "3699to4887": 37088.02205564486, "3699to6568": 33842.46116936533, "4887to6568": 33902.15707001547}